ticker,date,price,ma50,ma200,signal_type
AAPL,2020-03-12,62.56,71.18,71.25,DEATH_CROSS
AAPL,2020-08-13,68.56,68.35,68.31,GOLDEN_CROSS
AAPL,2022-01-20,108.81,126.63,126.89,DEATH_CROSS
AAPL,2022-06-06,142.86,124.09,123.54,GOLDEN_CROSS
AAPL,2022-11-28,120.03,124.46,124.61,DEATH_CROSS
AAPL,2023-01-05,142.29,127.85,127.73,GOLDEN_CROSS
AMZN,2020-03-12,1815.08,1829.06,1829.47,DEATH_CROSS
AMZN,2020-09-01,1727.19,1693.96,1692.86,GOLDEN_CROSS
AMZN,2021-03-11,1744.64,1772.73,1773.87,DEATH_CROSS
AMZN,2021-06-16,1890.81,1833.68,1833.67,GOLDEN_CROSS
AMZN,2021-06-30,1835.13,1837.67,1837.94,DEATH_CROSS
AMZN,2021-07-02,1922.78,1840.8,1839.95,GOLDEN_CROSS
AMZN,2021-07-06,1851.63,1841.14,1841.37,DEATH_CROSS
AMZN,2021-07-22,1940.23,1844.84,1844.27,GOLDEN_CROSS
AMZN,2022-09-15,2481.35,2788.83,2793.44,DEATH_CROSS
AMZN,2022-12-13,2862.76,2844.09,2843.09,GOLDEN_CROSS
AMZN,2023-06-05,2841.07,2997.62,3004.2,DEATH_CROSS
AMZN,2023-11-24,3025.64,2814.14,2804.25,GOLDEN_CROSS
GOOGL,2020-03-12,1739.21,1598.36,1593.49,GOLDEN_CROSS
GOOGL,2021-08-04,2529.79,2562.79,2565.62,DEATH_CROSS
GOOGL,2021-11-02,2655.69,2582.37,2582.08,GOLDEN_CROSS
GOOGL,2021-12-02,2440.47,2561.19,2564.39,DEATH_CROSS
GOOGL,2022-04-26,2632.38,2415.73,2414.49,GOLDEN_CROSS
GOOGL,2023-04-24,3183.97,3380.6,3384.28,DEATH_CROSS
GOOGL,2023-11-24,3681.34,3197.01,3187.15,GOLDEN_CROSS
JNJ,2020-03-12,154.4,148.47,148.59,DEATH_CROSS
JNJ,2020-04-21,148.64,151.06,150.97,GOLDEN_CROSS
JNJ,2020-05-26,135.83,148.33,148.57,DEATH_CROSS
JNJ,2021-08-02,113.88,113.2,113.12,GOLDEN_CROSS
JNJ,2022-12-15,148.18,152.41,152.42,DEATH_CROSS
JNJ,2023-02-15,162.45,154.52,154.24,GOLDEN_CROSS
JNJ,2024-02-27,183.58,194.92,195.33,DEATH_CROSS
JNJ,2024-05-03,211.95,199.39,199.29,GOLDEN_CROSS
JPM,2020-03-12,147.33,144.18,144.1,GOLDEN_CROSS
JPM,2020-04-16,140.32,143.78,143.84,DEATH_CROSS
JPM,2020-05-07,160.93,145.11,144.91,GOLDEN_CROSS
JPM,2022-11-14,246.43,279.05,279.21,DEATH_CROSS
JPM,2023-01-31,324.99,282.25,281.94,GOLDEN_CROSS
JPM,2024-05-27,421.42,395.35,395.48,DEATH_CROSS
META,2020-03-12,259.84,223.68,223.41,GOLDEN_CROSS
META,2022-09-14,494.4,538.0,538.78,DEATH_CROSS
META,2023-02-15,582.13,544.17,543.2,GOLDEN_CROSS
META,2023-05-05,490.5,531.5,532.02,DEATH_CROSS
META,2024-04-29,439.61,424.5,423.51,GOLDEN_CROSS
MSFT,2020-03-12,232.19,197.34,196.61,GOLDEN_CROSS
MSFT,2020-06-16,184.15,204.16,204.45,DEATH_CROSS
MSFT,2021-02-03,184.74,179.39,179.24,GOLDEN_CROSS
MSFT,2021-07-16,161.99,180.09,180.21,DEATH_CROSS
MSFT,2022-11-02,160.18,145.09,144.97,GOLDEN_CROSS
MSFT,2023-02-10,136.76,142.02,142.22,DEATH_CROSS
MSFT,2023-03-07,151.62,143.05,142.85,GOLDEN_CROSS
MSFT,2023-05-09,138.76,145.47,145.59,DEATH_CROSS
MSFT,2023-10-03,143.62,139.51,139.44,GOLDEN_CROSS
MSFT,2024-05-29,179.96,185.23,185.31,DEATH_CROSS
MSFT,2024-07-10,232.24,194.45,194.15,GOLDEN_CROSS
NVDA,2020-03-12,78.51,67.65,67.5,GOLDEN_CROSS
NVDA,2020-10-21,73.37,83.65,83.81,DEATH_CROSS
NVDA,2021-04-02,78.31,81.37,81.31,GOLDEN_CROSS
NVDA,2021-05-11,86.19,79.19,79.24,DEATH_CROSS
NVDA,2021-05-19,96.94,79.19,79.18,GOLDEN_CROSS
NVDA,2023-06-09,211.38,272.14,272.8,DEATH_CROSS
NVDA,2024-01-16,253.77,240.1,239.04,GOLDEN_CROSS
NVDA,2024-08-12,211.69,241.5,242.01,DEATH_CROSS
TSLA,2020-03-12,28.27,30.04,30.0,GOLDEN_CROSS
TSLA,2020-04-15,28.86,28.71,28.76,DEATH_CROSS
TSLA,2020-05-26,42.99,29.89,29.83,GOLDEN_CROSS
TSLA,2020-10-27,33.66,40.08,40.09,DEATH_CROSS
TSLA,2021-06-04,43.74,35.3,35.29,GOLDEN_CROSS
TSLA,2021-08-27,38.29,34.47,34.52,DEATH_CROSS
TSLA,2021-09-02,36.84,34.48,34.48,GOLDEN_CROSS
TSLA,2021-10-06,33.83,34.84,34.89,DEATH_CROSS
TSLA,2021-10-13,38.92,35.06,35.05,GOLDEN_CROSS
TSLA,2021-11-12,30.47,35.16,35.23,DEATH_CROSS
TSLA,2022-01-31,52.0,35.96,35.8,GOLDEN_CROSS
TSLA,2022-06-16,32.73,40.35,40.6,DEATH_CROSS
TSLA,2023-06-12,28.3,24.43,24.39,GOLDEN_CROSS
TSLA,2023-12-01,25.12,27.1,27.24,DEATH_CROSS
TSLA,2024-02-16,28.99,28.19,28.15,GOLDEN_CROSS
TSLA,2024-06-11,22.77,29.4,29.68,DEATH_CROSS
TSLA,2024-10-16,31.31,28.38,28.34,GOLDEN_CROSS
V,2020-03-12,261.8,228.77,228.41,GOLDEN_CROSS
V,2020-10-12,272.47,267.22,267.72,DEATH_CROSS
V,2020-12-21,300.62,280.13,280.01,GOLDEN_CROSS
V,2023-02-16,1015.89,1092.78,1093.18,DEATH_CROSS
V,2024-05-15,728.7,732.73,732.65,GOLDEN_CROSS
V,2024-05-29,707.74,726.0,726.43,DEATH_CROSS
