ticker,yr,jan,feb,mar,apr,may,jun,jul,aug,sep,oct,nov,dec
AAPL,2020,-0.02932,-0.09068,-0.064202,0.069528,0.000708,0.08616,-0.043132,0.072783,0.078709,0.182594,-0.008937,0.06406
AAPL,2021,-0.079275,0.045804,0.184274,-0.02685,0.046823,0.107379,-0.001855,0.129717,-0.083484,-0.019292,0.054678,-0.05959
AAPL,2022,-0.144541,0.061272,0.019512,0.061121,0.13333,-0.080837,0.005795,0.035796,-0.009828,-0.028669,-0.050004,0.119203
AAPL,2023,0.075636,0.125526,0.019633,0.07557,0.221088,0.218839,0.083066,-0.026297,0.075564,-0.058054,0.222522,0.095652
AAPL,2024,0.053653,0.036322,0.070159,0.177681,0.049061,0.180514,-0.149492,0.035011,0.168648,-0.034955,,
AMZN,2020,0.042934,-0.055192,-0.055129,-0.031309,-0.108242,0.03475,0.14839,-0.001511,0.025316,0.145761,-0.020439,-0.093928
AMZN,2021,-0.055164,0.074678,0.005468,0.041451,-0.085881,0.067774,0.082793,0.112161,0.052492,0.150254,0.003185,0.005748
AMZN,2022,-0.064262,-0.00593,0.124756,0.140512,-0.010881,-0.043168,-0.052555,-0.032059,-0.14516,0.220214,0.016653,0.113246
AMZN,2023,0.026858,-0.06464,0.048911,-0.093032,-0.084055,-0.117279,0.010427,0.016924,0.091485,0.110007,0.131956,0.255625
AMZN,2024,-0.012606,0.078703,-0.061624,0.026915,0.185033,0.045946,0.17277,0.117025,-0.11821,0.124828,,
GOOGL,2020,0.115068,0.127162,0.02755,0.096803,0.093995,0.040386,-0.111459,0.091516,0.057747,0.132558,-0.107212,0.11228
GOOGL,2021,0.124055,-0.086979,-0.04647,-0.001262,0.017767,0.052348,-0.041628,0.06345,-0.004756,0.000482,-0.063956,-0.118302
GOOGL,2022,-0.097304,0.150383,0.04716,0.075601,0.094525,0.001412,0.081102,-0.02186,0.067574,0.083381,0.071537,0.031822
GOOGL,2023,-0.013615,-0.046819,-0.058821,-0.077964,-0.066648,0.103087,0.066755,-0.103225,-0.090789,0.229645,0.150718,0.183887
GOOGL,2024,-0.034295,0.037107,0.059568,0.009261,0.068214,0.122606,0.157694,-0.016291,0.047875,0.119596,,
JNJ,2020,-0.053192,0.010347,0.054035,-0.082421,-0.052504,0.027373,-0.142949,0.007256,-0.025248,-0.037858,0.009391,0.030254
JNJ,2021,-0.032868,0.065739,-0.073309,-0.066404,0.039514,0.032852,0.016541,0.06624,0.010988,0.094522,-0.07447,0.082416
JNJ,2022,0.087139,0.002717,-0.010334,-0.023295,-0.017379,0.087134,0.023129,0.046677,0.011738,-0.095509,-0.028446,0.080463
JNJ,2023,-0.027113,0.112525,0.078101,-0.012658,0.002208,-0.014573,0.046584,0.008364,0.10999,-0.024089,-0.010358,-0.013669
JNJ,2024,-0.047526,-0.027165,0.086413,0.056199,0.071056,-0.032589,0.06421,0.022598,0.006985,0.004947,,
JPM,2020,0.064726,-0.08701,0.050708,0.062884,0.066319,-0.009079,-0.133144,0.174246,-0.021755,0.061097,-0.003831,0.006172
JPM,2021,-0.050733,0.070448,0.079919,0.056123,0.137643,-0.055527,0.004894,-0.048334,0.111791,0.148217,0.047566,-0.178383
JPM,2022,0.008604,0.13775,0.050024,0.071849,-0.021007,-0.085726,0.090699,0.084154,-0.010227,-0.226734,0.081685,0.117253
JPM,2023,0.106631,-0.079735,0.045179,0.031421,0.060098,0.125798,0.038357,-0.113941,0.083945,-0.07412,0.070787,0.037931
JPM,2024,0.006324,0.109052,-0.016997,-0.148479,0.165824,-0.145589,-0.091402,-0.001089,0.060412,-0.094603,,
META,2020,0.009717,0.200396,0.012546,0.05392,0.02709,0.074026,-0.023001,0.001999,-0.00881,0.050291,0.09905,0.089689
META,2021,-0.022973,0.157231,-0.098864,0.054303,0.119259,0.06738,0.124326,0.008704,-0.117913,-0.017252,0.096807,-0.071702
META,2022,0.097925,0.155728,-0.014014,0.017418,-0.012458,0.036726,0.010296,-0.106683,0.100709,0.019516,-0.117505,0.075237
META,2023,0.089553,0.034751,-0.095345,-0.065228,0.032257,0.030202,-0.129064,0.083655,-0.056047,-0.133369,0.027002,-0.018391
META,2024,-0.016528,0.038508,0.080615,-0.007304,0.056256,0.136587,0.021836,0.020927,-0.021395,-0.036661,,
MSFT,2020,0.196749,0.060361,0.062273,-0.016195,-0.048402,-0.078936,-0.042139,-0.045891,0.05649,-0.070898,0.061585,0.016778
MSFT,2021,0.055359,0.015848,-0.018305,0.013188,0.051929,-0.139119,-0.110689,0.082343,0.025049,0.086084,-0.097407,0.060945
MSFT,2022,-0.065311,0.030072,-0.111723,-0.020498,-0.019609,-0.095942,0.046499,0.055744,-0.061846,0.186138,0.031055,-0.191807
MSFT,2023,0.048282,0.049042,0.017675,-0.131496,0.041317,-0.00667,-0.044666,0.149842,-0.013037,0.22271,0.081606,0.045214
MSFT,2024,-0.010758,-0.020829,0.017405,-0.077612,-0.035947,0.239522,0.03733,0.026455,0.138669,0.129835,,
NVDA,2020,0.112374,0.095743,0.08537,0.121894,0.134431,-0.072297,0.071353,-0.197796,0.097786,-0.091269,-0.090796,0.100213
NVDA,2021,-0.06046,0.302059,-0.133784,-0.089377,0.38146,0.002087,0.095041,0.171844,0.075933,0.069786,0.059975,-0.03818
NVDA,2022,0.169277,-0.143367,0.222345,0.0601,0.101922,0.081182,-0.04991,-0.160916,0.241764,0.080845,0.149909,0.02834
NVDA,2023,-0.078483,0.001969,0.015508,0.15044,-0.224811,-0.017973,0.003881,0.027083,-0.236937,0.170099,0.137887,-0.030549
NVDA,2024,-0.006939,-0.099861,0.195681,-0.129705,0.168403,-0.083585,-0.059411,-0.156736,0.192739,0.05797,,
TSLA,2020,0.176532,-0.093484,-0.14295,0.076044,0.489383,0.122549,0.436595,-0.411832,-0.227599,0.024291,-0.013802,-0.170617
TSLA,2021,0.176701,0.022672,-0.052204,0.019437,0.352286,-0.314651,0.076637,0.07295,-0.079673,0.169697,-0.243642,0.240344
TSLA,2022,0.328942,0.035284,0.126285,-0.354198,-0.192953,-0.101865,0.037881,-0.134484,-0.032857,0.043146,0.082607,-0.257124
TSLA,2023,0.081437,0.124871,0.07423,-0.008922,-0.138034,0.463715,-0.264604,0.286325,-0.036134,-0.303918,0.087729,0.066702
TSLA,2024,-0.005367,0.187194,0.297418,-0.294098,-0.08318,-0.352695,0.100348,0.254804,0.252749,0.172307,,
V,2020,0.077908,0.083075,0.118557,0.097513,-0.078409,0.050309,-0.023995,-0.064995,-0.021512,0.013713,0.137223,0.04267
V,2021,0.024648,0.108472,0.049109,0.011438,0.12931,-0.097753,0.211787,0.096849,0.038527,0.079575,0.165805,-0.034563
V,2022,0.080418,0.149565,0.027563,0.111379,0.041836,0.11351,0.008091,0.111318,-0.076483,-0.057761,0.025191,0.032539
V,2023,-0.010768,-0.070177,-0.086806,-0.09511,0.018111,-0.085496,0.005345,0.034284,-0.124678,0.030756,-0.006186,-0.059088
V,2024,-0.031201,0.060198,0.062743,-0.088662,0.041618,-0.156472,-0.002629,0.0006,0.050627,0.169535,,
