ticker,date,volume,overall_avg_volume,trailing_30d_avg,spike_ratio,volume_flag
AAPL,2021-09-06,400000000,90096673.0,82916101.0,4.824,SPIKE
AAPL,2020-04-27,299750274,90096673.0,62553115.0,4.792,SPIKE
AAPL,2023-10-04,359658315,90096673.0,76915439.0,4.676,SPIKE
AAPL,2021-04-01,315290939,90096673.0,69882158.0,4.512,SPIKE
AAPL,2021-04-15,365962416,90096673.0,82198283.0,4.452,SPIKE
AAPL,2022-02-03,381130399,90096673.0,86668930.0,4.398,SPIKE
AAPL,2022-07-21,300401339,90096673.0,69445264.0,4.326,SPIKE
AAPL,2022-04-07,369254886,90096673.0,85588147.0,4.314,SPIKE
AAPL,2021-12-13,371348825,90096673.0,87450574.0,4.246,SPIKE
AAPL,2020-04-28,292314557,90096673.0,69380997.0,4.213,SPIKE
AAPL,2022-08-12,375078438,90096673.0,90184774.0,4.159,SPIKE
AAPL,2023-05-02,332076531,90096673.0,83196857.0,3.991,SPIKE
AAPL,2022-08-31,400000000,90096673.0,101321486.0,3.948,SPIKE
AAPL,2021-07-08,350645718,90096673.0,89377868.0,3.923,SPIKE
AAPL,2020-03-12,324909867,90096673.0,91850384.0,3.537,SPIKE
AAPL,2022-12-07,275094459,90096673.0,78339193.0,3.512,SPIKE
AAPL,2020-02-11,269904212,90096673.0,77732962.0,3.472,SPIKE
AAPL,2024-10-24,286636020,90096673.0,84185613.0,3.405,SPIKE
AAPL,2023-10-02,243387049,90096673.0,72275921.0,3.367,SPIKE
AAPL,2020-12-01,279547477,90096673.0,84067735.0,3.325,SPIKE
AAPL,2023-04-27,258935166,90096673.0,79458082.0,3.259,SPIKE
AAPL,2023-07-03,275121042,90096673.0,86945485.0,3.164,SPIKE
AAPL,2020-10-06,294378773,90096673.0,93265278.0,3.156,SPIKE
AAPL,2020-09-22,270155661,90096673.0,87261441.0,3.096,SPIKE
AAPL,2023-03-02,261623091,90096673.0,84524716.0,3.095,SPIKE
AAPL,2020-02-17,258272931,90096673.0,85864718.0,3.008,SPIKE
AAPL,2023-11-07,286238835,90096673.0,96850516.0,2.955,SPIKE
AAPL,2022-10-05,341254476,90096673.0,115642454.0,2.951,SPIKE
AAPL,2022-02-11,260976501,90096673.0,88564639.0,2.947,SPIKE
AAPL,2023-01-25,243139734,90096673.0,82778158.0,2.937,SPIKE
AAPL,2023-04-12,248480907,90096673.0,85171403.0,2.917,SPIKE
AAPL,2022-07-26,240095316,90096673.0,82984456.0,2.893,SPIKE
AAPL,2020-01-08,191464085,90096673.0,67345079.0,2.843,SPIKE
AAPL,2022-05-31,230316382,90096673.0,81220308.0,2.836,SPIKE
AAPL,2022-09-14,300235712,90096673.0,108969292.0,2.755,SPIKE
AAPL,2020-05-28,254921690,90096673.0,93059377.0,2.739,SPIKE
AAPL,2021-12-21,254993799,90096673.0,94785702.0,2.69,SPIKE
AAPL,2024-10-22,210904354,90096673.0,78409591.0,2.69,SPIKE
AAPL,2023-06-21,227227260,90096673.0,84715069.0,2.682,SPIKE
AAPL,2024-10-10,192320677,90096673.0,72262083.0,2.661,SPIKE
AAPL,2020-01-03,108014921,90096673.0,40862215.0,2.643,SPIKE
AAPL,2020-05-01,205640403,90096673.0,77821079.0,2.642,SPIKE
AAPL,2024-02-29,236380981,90096673.0,90828854.0,2.602,SPIKE
AAPL,2021-03-08,189707632,90096673.0,72928033.0,2.601,SPIKE
AAPL,2021-04-29,247306091,90096673.0,95133608.0,2.6,SPIKE
AAPL,2022-01-11,292700992,90096673.0,112930627.0,2.592,SPIKE
AAPL,2020-07-03,208074959,90096673.0,80321369.0,2.591,SPIKE
AAPL,2021-12-22,261842367,90096673.0,102100276.0,2.565,SPIKE
AAPL,2023-07-13,228608373,90096673.0,89453588.0,2.556,SPIKE
AAPL,2022-06-30,190244486,90096673.0,75150714.0,2.532,SPIKE
AMZN,2023-07-14,393598857,50285677.0,44881518.0,8.77,SPIKE
AMZN,2023-08-16,386214117,50285677.0,51665358.0,7.475,SPIKE
AMZN,2023-03-14,340830848,50285677.0,47776196.0,7.134,SPIKE
AMZN,2021-09-14,400000000,50285677.0,57029050.0,7.014,SPIKE
AMZN,2024-09-20,299031957,50285677.0,43712827.0,6.841,SPIKE
AMZN,2023-01-03,261024441,50285677.0,40459898.0,6.451,SPIKE
AMZN,2021-08-26,272455167,50285677.0,45094743.0,6.042,SPIKE
AMZN,2024-09-25,331494243,50285677.0,55265376.0,5.998,SPIKE
AMZN,2022-04-07,285178614,50285677.0,48855433.0,5.837,SPIKE
AMZN,2021-02-12,208770210,50285677.0,39753711.0,5.252,SPIKE
AMZN,2020-10-05,227665899,50285677.0,47236608.0,4.82,SPIKE
AMZN,2020-07-07,169551189,50285677.0,35425726.0,4.786,SPIKE
AMZN,2020-05-01,208435181,50285677.0,44565479.0,4.677,SPIKE
AMZN,2022-02-08,203554830,50285677.0,49973141.0,4.073,SPIKE
AMZN,2021-10-25,234025323,50285677.0,58072845.0,4.03,SPIKE
AMZN,2020-07-21,172301082,50285677.0,43659031.0,3.947,SPIKE
AMZN,2024-05-03,210422427,50285677.0,54139340.0,3.887,SPIKE
AMZN,2022-02-09,208324899,50285677.0,54853178.0,3.798,SPIKE
AMZN,2023-10-20,157063888,50285677.0,42259488.0,3.717,SPIKE
AMZN,2022-06-22,159761938,50285677.0,43547549.0,3.669,SPIKE
AMZN,2024-03-26,160377084,50285677.0,45336467.0,3.537,SPIKE
AMZN,2024-04-24,169053792,50285677.0,50269622.0,3.363,SPIKE
AMZN,2021-06-25,139785725,50285677.0,41664228.0,3.355,SPIKE
AMZN,2022-09-01,133171323,50285677.0,40895100.0,3.256,SPIKE
AMZN,2020-07-13,124768065,50285677.0,38442414.0,3.246,SPIKE
AMZN,2021-02-18,153976103,50285677.0,47477656.0,3.243,SPIKE
AMZN,2023-11-08,135970819,50285677.0,43118236.0,3.153,SPIKE
AMZN,2024-09-24,158948251,50285677.0,50910231.0,3.122,SPIKE
AMZN,2021-08-10,127868493,50285677.0,41097640.0,3.111,SPIKE
AMZN,2020-11-09,149159091,50285677.0,48742498.0,3.06,SPIKE
AMZN,2020-02-07,144617031,50285677.0,48463316.0,2.984,SPIKE
AMZN,2021-12-28,164854960,50285677.0,55324899.0,2.98,SPIKE
AMZN,2024-01-31,141531195,50285677.0,48042836.0,2.946,SPIKE
AMZN,2023-05-04,138033462,50285677.0,47077828.0,2.932,SPIKE
AMZN,2023-04-07,177811368,50285677.0,61180871.0,2.906,SPIKE
AMZN,2022-10-17,148065357,50285677.0,50995614.0,2.903,SPIKE
AMZN,2021-04-09,136847235,50285677.0,47268703.0,2.895,SPIKE
AMZN,2021-10-27,150901314,50285677.0,52116990.0,2.895,SPIKE
AMZN,2021-04-06,129299000,50285677.0,44684112.0,2.894,SPIKE
AMZN,2022-09-30,144000597,50285677.0,50147417.0,2.872,SPIKE
AMZN,2021-08-19,120628527,50285677.0,42233310.0,2.856,SPIKE
AMZN,2024-04-03,131325581,50285677.0,46084972.0,2.85,SPIKE
AMZN,2020-05-18,151018121,50285677.0,53326395.0,2.832,SPIKE
AMZN,2022-02-21,163940622,50285677.0,58326996.0,2.811,SPIKE
AMZN,2024-05-23,140070480,50285677.0,49942787.0,2.805,SPIKE
AMZN,2024-01-04,123284357,50285677.0,44324347.0,2.781,SPIKE
AMZN,2020-07-27,128243024,50285677.0,47031533.0,2.727,SPIKE
AMZN,2024-05-06,159649500,50285677.0,58606481.0,2.724,SPIKE
AMZN,2020-11-23,128008166,50285677.0,47092171.0,2.718,SPIKE
AMZN,2020-08-25,140257332,50285677.0,53634928.0,2.615,SPIKE
AMZN,2021-04-05,108613908,50285677.0,41699244.0,2.605,SPIKE
AMZN,2020-02-12,135073013,50285677.0,52397850.0,2.578,SPIKE
AMZN,2020-04-16,111869558,50285677.0,43562621.0,2.568,SPIKE
AMZN,2021-12-13,123340989,50285677.0,48049636.0,2.567,SPIKE
AMZN,2021-04-20,126188927,50285677.0,49190603.0,2.565,SPIKE
AMZN,2023-09-13,122153598,50285677.0,47745075.0,2.558,SPIKE
AMZN,2024-02-07,130539277,50285677.0,51400551.0,2.54,SPIKE
AMZN,2021-11-22,152134273,50285677.0,59908421.0,2.539,SPIKE
AMZN,2020-11-19,109524962,50285677.0,43156386.0,2.538,SPIKE
AMZN,2024-07-30,101243730,50285677.0,39906597.0,2.537,SPIKE
AMZN,2022-07-15,120035622,50285677.0,47411037.0,2.532,SPIKE
AMZN,2023-06-16,110244717,50285677.0,43893645.0,2.512,SPIKE
GOOGL,2020-01-13,357998223,111977980.0,63867171.0,5.605,SPIKE
GOOGL,2020-01-16,400000000,111977980.0,91385010.0,4.377,SPIKE
GOOGL,2022-11-04,400000000,111977980.0,97405496.0,4.107,SPIKE
GOOGL,2023-05-08,400000000,111977980.0,99083282.0,4.037,SPIKE
GOOGL,2022-07-11,400000000,111977980.0,99166865.0,4.034,SPIKE
GOOGL,2021-12-31,385206152,111977980.0,96531113.0,3.99,SPIKE
GOOGL,2022-09-21,372024470,111977980.0,93895011.0,3.962,SPIKE
GOOGL,2020-07-27,400000000,111977980.0,101507661.0,3.941,SPIKE
GOOGL,2020-01-10,176811534,111977980.0,45043110.0,3.925,SPIKE
GOOGL,2021-02-08,400000000,111977980.0,103878464.0,3.851,SPIKE
GOOGL,2022-05-11,400000000,111977980.0,105395844.0,3.795,SPIKE
GOOGL,2021-05-14,367785232,111977980.0,97761715.0,3.762,SPIKE
GOOGL,2022-05-27,400000000,111977980.0,107233864.0,3.73,SPIKE
GOOGL,2024-07-22,400000000,111977980.0,110384698.0,3.624,SPIKE
GOOGL,2020-05-29,400000000,111977980.0,112542715.0,3.554,SPIKE
GOOGL,2021-12-29,308745276,111977980.0,88465210.0,3.49,SPIKE
GOOGL,2021-06-15,400000000,111977980.0,117969691.0,3.391,SPIKE
GOOGL,2022-04-08,400000000,111977980.0,120934665.0,3.308,SPIKE
GOOGL,2021-02-24,400000000,111977980.0,122071884.0,3.277,SPIKE
GOOGL,2022-01-21,400000000,111977980.0,123004852.0,3.252,SPIKE
GOOGL,2020-02-04,361735353,111977980.0,112713880.0,3.209,SPIKE
GOOGL,2024-10-16,374160939,111977980.0,117035006.0,3.197,SPIKE
GOOGL,2024-07-08,326977899,111977980.0,102970616.0,3.175,SPIKE
GOOGL,2022-05-25,324360781,111977980.0,102413547.0,3.167,SPIKE
GOOGL,2024-03-11,338741328,111977980.0,107156604.0,3.161,SPIKE
GOOGL,2021-10-26,305973139,111977980.0,97222818.0,3.147,SPIKE
GOOGL,2024-10-22,400000000,111977980.0,127767032.0,3.131,SPIKE
GOOGL,2022-09-26,318258687,111977980.0,101947029.0,3.122,SPIKE
GOOGL,2023-06-13,381553776,111977980.0,125091190.0,3.05,SPIKE
GOOGL,2021-12-01,273018865,111977980.0,89530291.0,3.049,SPIKE
GOOGL,2024-08-08,337397338,111977980.0,112593988.0,2.997,SPIKE
GOOGL,2023-12-13,261439090,111977980.0,89247625.0,2.929,SPIKE
GOOGL,2024-05-30,263200953,111977980.0,91086977.0,2.89,SPIKE
GOOGL,2023-02-06,238220829,111977980.0,83167973.0,2.864,SPIKE
GOOGL,2020-08-31,400000000,111977980.0,140346104.0,2.85,SPIKE
GOOGL,2022-02-16,400000000,111977980.0,140471730.0,2.848,SPIKE
GOOGL,2023-11-20,271031925,111977980.0,95325268.0,2.843,SPIKE
GOOGL,2021-05-21,270786363,111977980.0,95757263.0,2.828,SPIKE
GOOGL,2020-05-06,286042842,111977980.0,101895448.0,2.807,SPIKE
GOOGL,2021-02-15,329057106,111977980.0,117833241.0,2.793,SPIKE
GOOGL,2022-03-04,354258276,111977980.0,127784794.0,2.772,SPIKE
GOOGL,2020-08-24,332183060,111977980.0,119990722.0,2.768,SPIKE
GOOGL,2023-04-10,268248067,111977980.0,97266200.0,2.758,SPIKE
GOOGL,2020-10-19,281657268,111977980.0,102215884.0,2.756,SPIKE
GOOGL,2021-01-07,320991275,111977980.0,117352594.0,2.735,SPIKE
GOOGL,2023-09-01,278677407,111977980.0,102573671.0,2.717,SPIKE
GOOGL,2022-01-10,297893821,111977980.0,110182854.0,2.704,SPIKE
GOOGL,2022-06-07,316651162,111977980.0,117351142.0,2.698,SPIKE
GOOGL,2022-01-17,291876550,111977980.0,109206055.0,2.673,SPIKE
GOOGL,2021-03-26,333059100,111977980.0,125252916.0,2.659,SPIKE
GOOGL,2021-08-09,290228840,111977980.0,110185137.0,2.634,SPIKE
GOOGL,2021-02-05,257034056,111977980.0,98148619.0,2.619,SPIKE
GOOGL,2021-09-16,294354162,111977980.0,112591171.0,2.614,SPIKE
GOOGL,2020-04-07,256275360,111977980.0,98080582.0,2.613,SPIKE
GOOGL,2023-06-16,342244947,111977980.0,132570241.0,2.582,SPIKE
GOOGL,2023-09-04,271554095,111977980.0,106229011.0,2.556,SPIKE
GOOGL,2022-01-28,342110049,111977980.0,134148748.0,2.55,SPIKE
GOOGL,2020-08-27,317070721,111977980.0,125676764.0,2.523,SPIKE
JNJ,2020-01-10,290477970,63930306.0,42252933.0,6.875,SPIKE
JNJ,2020-10-16,400000000,63930306.0,59631037.0,6.708,SPIKE
JNJ,2020-03-23,400000000,63930306.0,60663887.0,6.594,SPIKE
JNJ,2024-10-21,400000000,63930306.0,60821724.0,6.577,SPIKE
JNJ,2022-05-09,367282962,63930306.0,57197786.0,6.421,SPIKE
JNJ,2023-06-02,379605795,63930306.0,60604137.0,6.264,SPIKE
JNJ,2021-02-08,269051366,63930306.0,50492831.0,5.329,SPIKE
JNJ,2021-02-11,310814703,63930306.0,59080620.0,5.261,SPIKE
JNJ,2022-10-27,294354592,63930306.0,61925849.0,4.753,SPIKE
JNJ,2021-02-03,222469929,63930306.0,46852846.0,4.748,SPIKE
JNJ,2023-05-26,216381857,63930306.0,49952087.0,4.332,SPIKE
JNJ,2022-05-04,206893086,63930306.0,48412052.0,4.274,SPIKE
JNJ,2024-07-15,223329031,63930306.0,54424222.0,4.103,SPIKE
JNJ,2022-12-27,246943554,63930306.0,60239208.0,4.099,SPIKE
JNJ,2024-02-02,264203196,63930306.0,65560129.0,4.03,SPIKE
JNJ,2022-07-08,300204144,63930306.0,76489201.0,3.925,SPIKE
JNJ,2022-12-15,233091099,63930306.0,60285813.0,3.866,SPIKE
JNJ,2023-09-08,209687477,63930306.0,55160447.0,3.801,SPIKE
JNJ,2022-06-08,292441818,63930306.0,77403347.0,3.778,SPIKE
JNJ,2022-07-06,256424419,63930306.0,68801455.0,3.727,SPIKE
JNJ,2023-10-25,214745478,63930306.0,57720600.0,3.72,SPIKE
JNJ,2021-12-14,196890126,63930306.0,53251775.0,3.697,SPIKE
JNJ,2020-03-12,208892745,63930306.0,57629511.0,3.625,SPIKE
JNJ,2024-09-04,209613989,63930306.0,58520134.0,3.582,SPIKE
JNJ,2021-07-16,217777168,63930306.0,62363425.0,3.492,SPIKE
JNJ,2024-08-27,173279252,63930306.0,52266409.0,3.315,SPIKE
JNJ,2022-03-08,177073952,63930306.0,54300652.0,3.261,SPIKE
JNJ,2021-09-13,206452254,63930306.0,63576912.0,3.247,SPIKE
JNJ,2024-05-01,188703320,63930306.0,58261305.0,3.239,SPIKE
JNJ,2024-05-09,180959322,63930306.0,55917252.0,3.236,SPIKE
JNJ,2020-11-30,182676422,63930306.0,57609974.0,3.171,SPIKE
JNJ,2021-07-15,179242405,63930306.0,56651219.0,3.164,SPIKE
JNJ,2023-03-17,179612056,63930306.0,56852221.0,3.159,SPIKE
JNJ,2023-10-31,196907406,63930306.0,62540975.0,3.148,SPIKE
JNJ,2022-05-16,205793378,63930306.0,65673989.0,3.134,SPIKE
JNJ,2023-08-22,166634652,63930306.0,54800994.0,3.041,SPIKE
JNJ,2024-01-05,169318146,63930306.0,56582567.0,2.992,SPIKE
JNJ,2024-05-29,176674302,63930306.0,59867436.0,2.951,SPIKE
JNJ,2023-04-11,185625747,63930306.0,63000934.0,2.946,SPIKE
JNJ,2022-09-23,152720205,63930306.0,52305715.0,2.92,SPIKE
JNJ,2023-12-20,146283320,63930306.0,50228510.0,2.912,SPIKE
JNJ,2024-01-11,174318366,63930306.0,60133940.0,2.899,SPIKE
JNJ,2021-06-11,156742647,63930306.0,54077429.0,2.898,SPIKE
JNJ,2020-09-10,180384513,63930306.0,62346071.0,2.893,SPIKE
JNJ,2024-09-16,190046523,63930306.0,65808775.0,2.888,SPIKE
JNJ,2023-07-10,223783393,63930306.0,77911513.0,2.872,SPIKE
JNJ,2022-03-07,144702717,63930306.0,51255431.0,2.823,SPIKE
JNJ,2020-10-21,197458269,63930306.0,70101219.0,2.817,SPIKE
JNJ,2022-10-07,149241485,63930306.0,53340710.0,2.798,SPIKE
JNJ,2022-09-29,139608369,63930306.0,50151072.0,2.784,SPIKE
JNJ,2023-03-31,161246388,63930306.0,59976018.0,2.689,SPIKE
JNJ,2020-06-23,178419860,63930306.0,66560057.0,2.681,SPIKE
JNJ,2024-07-02,144847077,63930306.0,54176112.0,2.674,SPIKE
JNJ,2023-03-09,151276325,63930306.0,57313421.0,2.639,SPIKE
JNJ,2022-07-07,195657876,63930306.0,74860724.0,2.614,SPIKE
JNJ,2020-04-24,170797043,63930306.0,66296376.0,2.576,SPIKE
JNJ,2022-10-10,146655893,63930306.0,56927877.0,2.576,SPIKE
JNJ,2023-02-01,167114473,63930306.0,64961041.0,2.573,SPIKE
JNJ,2020-05-26,140581989,63930306.0,55443311.0,2.536,SPIKE
JNJ,2023-06-05,181775198,63930306.0,71809430.0,2.531,SPIKE
JNJ,2024-04-01,157220391,63930306.0,62560124.0,2.513,SPIKE
JPM,2020-07-24,255550203,31991594.0,30817183.0,8.292,SPIKE
JPM,2020-03-20,214891563,31991594.0,26725220.0,8.041,SPIKE
JPM,2020-05-14,221118210,31991594.0,28635784.0,7.722,SPIKE
JPM,2023-09-27,222002295,31991594.0,31065345.0,7.146,SPIKE
JPM,2023-02-27,173334429,31991594.0,27084921.0,6.4,SPIKE
JPM,2020-08-04,215503749,31991594.0,35875365.0,6.007,SPIKE
JPM,2020-10-14,171353528,31991594.0,31722330.0,5.402,SPIKE
JPM,2023-11-29,188357257,31991594.0,37015955.0,5.089,SPIKE
JPM,2020-01-06,94374045,31991594.0,18937335.0,4.983,SPIKE
JPM,2024-08-16,141487425,31991594.0,28832242.0,4.907,SPIKE
JPM,2022-06-29,192517200,31991594.0,39580603.0,4.864,SPIKE
JPM,2020-12-29,118843764,31991594.0,26527883.0,4.48,SPIKE
JPM,2022-02-22,152833368,31991594.0,34611118.0,4.416,SPIKE
JPM,2021-03-18,108661159,31991594.0,24728735.0,4.394,SPIKE
JPM,2022-09-26,107360883,31991594.0,28401903.0,3.78,SPIKE
JPM,2021-07-23,109884240,31991594.0,30555662.0,3.596,SPIKE
JPM,2022-06-13,113680963,31991594.0,33713677.0,3.372,SPIKE
JPM,2021-02-18,88896874,31991594.0,26510286.0,3.353,SPIKE
JPM,2022-12-15,90412932,31991594.0,27709065.0,3.263,SPIKE
JPM,2023-08-11,91165023,31991594.0,28089650.0,3.246,SPIKE
JPM,2024-05-21,78803379,31991594.0,24370379.0,3.234,SPIKE
JPM,2021-04-15,96446226,31991594.0,30638283.0,3.148,SPIKE
JPM,2020-11-17,104670831,31991594.0,34022039.0,3.077,SPIKE
JPM,2023-10-03,118178830,31991594.0,38648253.0,3.058,SPIKE
JPM,2022-01-03,72958141,31991594.0,23902698.0,3.052,SPIKE
JPM,2023-06-16,73597637,31991594.0,24299321.0,3.029,SPIKE
JPM,2024-07-22,84095177,31991594.0,27789196.0,3.026,SPIKE
JPM,2021-08-25,95658741,31991594.0,31666934.0,3.021,SPIKE
JPM,2024-10-23,84389948,31991594.0,28467401.0,2.964,SPIKE
JPM,2020-11-25,82069755,31991594.0,27944968.0,2.937,SPIKE
JPM,2020-07-21,82766484,31991594.0,29402122.0,2.815,SPIKE
JPM,2023-04-03,104889183,31991594.0,37379613.0,2.806,SPIKE
JPM,2021-07-28,86411140,31991594.0,31893027.0,2.709,SPIKE
JPM,2020-08-12,125176125,31991594.0,47446527.0,2.638,SPIKE
JPM,2023-11-03,112006267,31991594.0,42565924.0,2.631,SPIKE
JPM,2023-07-13,68998276,31991594.0,26275142.0,2.626,SPIKE
JPM,2024-03-28,86130453,31991594.0,32982720.0,2.611,SPIKE
JPM,2023-01-09,70685467,31991594.0,27279632.0,2.591,SPIKE
JPM,2024-10-07,73787990,31991594.0,28767282.0,2.565,SPIKE
JPM,2023-08-16,78824271,31991594.0,30908683.0,2.55,SPIKE
JPM,2020-12-02,69233491,31991594.0,27198542.0,2.545,SPIKE
JPM,2020-09-08,100231281,31991594.0,39392556.0,2.544,SPIKE
JPM,2022-11-29,69589350,31991594.0,27671570.0,2.515,SPIKE
META,2020-02-03,400000000,40039407.0,40974883.0,9.762,SPIKE
META,2024-02-15,174709617,40039407.0,33050102.0,5.286,SPIKE
META,2024-02-27,199657184,40039407.0,41013371.0,4.868,SPIKE
META,2021-04-15,162934374,40039407.0,33911886.0,4.805,SPIKE
META,2023-11-29,186718338,40039407.0,39423245.0,4.736,SPIKE
META,2023-01-27,181968849,40039407.0,39554336.0,4.6,SPIKE
META,2023-04-13,123485351,40039407.0,27356571.0,4.514,SPIKE
META,2021-12-07,151155264,40039407.0,33983051.0,4.448,SPIKE
META,2020-01-31,156940722,40039407.0,35452701.0,4.427,SPIKE
META,2021-12-23,170321496,40039407.0,40647925.0,4.19,SPIKE
META,2023-12-27,159908461,40039407.0,38177561.0,4.189,SPIKE
META,2020-09-14,145014981,40039407.0,35710798.0,4.061,SPIKE
META,2024-03-15,191073434,40039407.0,47151538.0,4.052,SPIKE
META,2022-06-29,129833579,40039407.0,32819519.0,3.956,SPIKE
META,2023-10-04,147021639,40039407.0,39008826.0,3.769,SPIKE
META,2024-08-02,138322913,40039407.0,36700856.0,3.769,SPIKE
META,2022-12-15,149813724,40039407.0,40071188.0,3.739,SPIKE
META,2022-11-16,135810627,40039407.0,36768138.0,3.694,SPIKE
META,2024-09-26,152572953,40039407.0,41549597.0,3.672,SPIKE
META,2022-09-19,122932099,40039407.0,33882959.0,3.628,SPIKE
META,2020-05-06,144685265,40039407.0,40910075.0,3.537,SPIKE
META,2022-01-31,158515737,40039407.0,44961011.0,3.526,SPIKE
META,2022-06-06,105003955,40039407.0,30206130.0,3.476,SPIKE
META,2024-03-22,182351751,40039407.0,52575495.0,3.468,SPIKE
META,2022-12-14,125707405,40039407.0,36368852.0,3.456,SPIKE
META,2023-08-11,117997600,40039407.0,34298683.0,3.44,SPIKE
META,2020-11-12,105481023,40039407.0,30848127.0,3.419,SPIKE
META,2022-07-18,121894811,40039407.0,35869042.0,3.398,SPIKE
META,2020-05-28,137216865,40039407.0,40621409.0,3.378,SPIKE
META,2024-09-05,155142018,40039407.0,46045713.0,3.369,SPIKE
META,2023-05-29,130336143,40039407.0,38748305.0,3.364,SPIKE
META,2022-10-17,133161414,40039407.0,40401974.0,3.296,SPIKE
META,2021-09-20,120662993,40039407.0,37720166.0,3.199,SPIKE
META,2024-05-17,120740099,40039407.0,37763787.0,3.197,SPIKE
META,2022-06-24,94528643,40039407.0,29719182.0,3.181,SPIKE
META,2021-11-24,109596086,40039407.0,34796798.0,3.15,SPIKE
META,2022-03-31,119842482,40039407.0,38433501.0,3.118,SPIKE
META,2022-09-20,112216335,40039407.0,36800156.0,3.049,SPIKE
META,2020-10-20,118429273,40039407.0,39540378.0,2.995,SPIKE
META,2020-12-09,95974342,40039407.0,32324155.0,2.969,SPIKE
META,2021-06-18,134889409,40039407.0,45698177.0,2.952,SPIKE
META,2021-05-12,113219916,40039407.0,38625597.0,2.931,SPIKE
META,2020-12-14,96440032,40039407.0,33571323.0,2.873,SPIKE
META,2023-08-30,106896335,40039407.0,37474680.0,2.852,SPIKE
META,2022-08-22,93894418,40039407.0,32938900.0,2.851,SPIKE
META,2023-09-28,98463120,40039407.0,34794998.0,2.83,SPIKE
META,2020-07-06,112771614,40039407.0,40426985.0,2.79,SPIKE
META,2021-06-04,107097243,40039407.0,38423122.0,2.787,SPIKE
META,2020-07-20,114201486,40039407.0,41014073.0,2.784,SPIKE
META,2020-03-31,89615726,40039407.0,32376091.0,2.768,SPIKE
META,2022-07-06,96087897,40039407.0,34886884.0,2.754,SPIKE
META,2021-10-19,113262866,40039407.0,41259451.0,2.745,SPIKE
META,2020-05-01,99664035,40039407.0,37357822.0,2.668,SPIKE
META,2023-04-26,78523138,40039407.0,29606325.0,2.652,SPIKE
META,2020-03-20,83604248,40039407.0,31539415.0,2.651,SPIKE
META,2024-01-08,112597358,40039407.0,42873773.0,2.626,SPIKE
META,2022-08-15,88335247,40039407.0,33713337.0,2.62,SPIKE
META,2021-01-29,93928621,40039407.0,35896036.0,2.617,SPIKE
META,2023-10-05,113157157,40039407.0,43527605.0,2.6,SPIKE
META,2024-08-14,104448056,40039407.0,40374552.0,2.587,SPIKE
META,2023-06-09,103598687,40039407.0,40230692.0,2.575,SPIKE
META,2022-02-17,123449899,40039407.0,48903261.0,2.524,SPIKE
META,2022-12-21,106369542,40039407.0,42450534.0,2.506,SPIKE
MSFT,2023-03-22,400000000,113900977.0,85058566.0,4.703,SPIKE
MSFT,2021-02-17,398067177,113900977.0,87617185.0,4.543,SPIKE
MSFT,2021-04-19,400000000,113900977.0,90297156.0,4.43,SPIKE
MSFT,2023-01-04,399850479,113900977.0,91760594.0,4.358,SPIKE
MSFT,2023-05-16,400000000,113900977.0,91829934.0,4.356,SPIKE
MSFT,2020-08-05,400000000,113900977.0,94424752.0,4.236,SPIKE
MSFT,2020-03-03,400000000,113900977.0,95992922.0,4.167,SPIKE
MSFT,2024-10-15,400000000,113900977.0,99110560.0,4.036,SPIKE
MSFT,2020-10-07,400000000,113900977.0,100702033.0,3.972,SPIKE
MSFT,2022-05-23,400000000,113900977.0,106029001.0,3.773,SPIKE
MSFT,2021-09-22,400000000,113900977.0,106240800.0,3.765,SPIKE
MSFT,2023-10-18,389002042,113900977.0,104350164.0,3.728,SPIKE
MSFT,2021-06-15,392058147,113900977.0,105411750.0,3.719,SPIKE
MSFT,2021-12-31,400000000,113900977.0,108226367.0,3.696,SPIKE
MSFT,2023-02-07,400000000,113900977.0,109015730.0,3.669,SPIKE
MSFT,2023-08-10,400000000,113900977.0,110206365.0,3.63,SPIKE
MSFT,2024-03-15,400000000,113900977.0,110998311.0,3.604,SPIKE
MSFT,2024-06-13,334763646,113900977.0,95629366.0,3.501,SPIKE
MSFT,2020-06-03,400000000,113900977.0,115107422.0,3.475,SPIKE
MSFT,2024-08-27,399786536,113900977.0,116347133.0,3.436,SPIKE
MSFT,2023-09-08,400000000,113900977.0,116464267.0,3.435,SPIKE
MSFT,2024-07-26,335713920,113900977.0,98447945.0,3.41,SPIKE
MSFT,2023-11-08,334981477,113900977.0,99174221.0,3.378,SPIKE
MSFT,2020-03-05,368423754,113900977.0,109939219.0,3.351,SPIKE
MSFT,2022-11-21,343808311,113900977.0,103694685.0,3.316,SPIKE
MSFT,2022-03-31,400000000,113900977.0,121074679.0,3.304,SPIKE
MSFT,2021-09-28,400000000,113900977.0,121618654.0,3.289,SPIKE
MSFT,2024-02-21,375200466,113900977.0,116263453.0,3.227,SPIKE
MSFT,2022-06-30,379527884,113900977.0,117908584.0,3.219,SPIKE
MSFT,2024-01-18,400000000,113900977.0,124797608.0,3.205,SPIKE
MSFT,2020-11-11,376366697,113900977.0,118051951.0,3.188,SPIKE
MSFT,2022-04-04,400000000,113900977.0,126260060.0,3.168,SPIKE
MSFT,2020-05-12,400000000,113900977.0,126506864.0,3.162,SPIKE
MSFT,2021-10-14,400000000,113900977.0,127773965.0,3.131,SPIKE
MSFT,2021-11-26,400000000,113900977.0,133037300.0,3.007,SPIKE
MSFT,2023-11-10,330931565,113900977.0,110046675.0,3.007,SPIKE
MSFT,2021-08-20,325776645,113900977.0,108385690.0,3.006,SPIKE
MSFT,2020-09-07,315588517,113900977.0,105136352.0,3.002,SPIKE
MSFT,2020-09-25,281132251,113900977.0,94200614.0,2.984,SPIKE
MSFT,2024-05-31,262905912,113900977.0,88134983.0,2.983,SPIKE
MSFT,2023-12-06,400000000,113900977.0,134787564.0,2.968,SPIKE
MSFT,2020-06-29,351052505,113900977.0,119078544.0,2.948,SPIKE
MSFT,2020-08-04,256366916,113900977.0,88835070.0,2.886,SPIKE
MSFT,2022-03-15,304959111,113900977.0,105946988.0,2.878,SPIKE
MSFT,2022-04-19,354755511,113900977.0,123769550.0,2.866,SPIKE
MSFT,2021-10-27,400000000,113900977.0,139875231.0,2.86,SPIKE
MSFT,2022-09-20,334813882,113900977.0,118322890.0,2.83,SPIKE
MSFT,2024-02-05,331534253,113900977.0,117335885.0,2.826,SPIKE
MSFT,2021-05-20,303187170,113900977.0,107316274.0,2.825,SPIKE
MSFT,2023-06-30,334134227,113900977.0,119433512.0,2.798,SPIKE
MSFT,2023-06-29,309224474,113900977.0,110721796.0,2.793,SPIKE
MSFT,2020-10-09,310024284,113900977.0,111584711.0,2.778,SPIKE
MSFT,2021-01-06,280905100,113900977.0,101437983.0,2.769,SPIKE
MSFT,2020-10-22,318109333,113900977.0,115899984.0,2.745,SPIKE
MSFT,2020-02-11,223895566,113900977.0,81950251.0,2.732,SPIKE
MSFT,2021-11-03,400000000,113900977.0,146463637.0,2.731,SPIKE
MSFT,2022-11-15,292624331,113900977.0,107183721.0,2.73,SPIKE
MSFT,2024-08-01,280135743,113900977.0,102680649.0,2.728,SPIKE
MSFT,2023-03-31,266986513,113900977.0,97964409.0,2.725,SPIKE
MSFT,2022-07-26,313345343,113900977.0,115681933.0,2.709,SPIKE
MSFT,2022-03-01,295632723,113900977.0,109557824.0,2.698,SPIKE
MSFT,2024-08-05,292330170,113900977.0,110034316.0,2.657,SPIKE
MSFT,2020-09-22,251100810,113900977.0,94916621.0,2.645,SPIKE
MSFT,2022-02-24,278132118,113900977.0,105634653.0,2.633,SPIKE
MSFT,2021-10-21,357181293,113900977.0,136595499.0,2.615,SPIKE
MSFT,2022-07-28,324775474,113900977.0,124359324.0,2.612,SPIKE
MSFT,2022-05-17,255596880,113900977.0,98455714.0,2.596,SPIKE
MSFT,2020-05-05,290344483,113900977.0,113842021.0,2.55,SPIKE
MSFT,2024-10-29,282430616,113900977.0,111237651.0,2.539,SPIKE
MSFT,2021-01-04,243595687,113900977.0,95995376.0,2.538,SPIKE
MSFT,2024-03-18,287243760,113900977.0,113359199.0,2.534,SPIKE
MSFT,2023-11-16,334498248,113900977.0,132147641.0,2.531,SPIKE
NVDA,2022-01-25,400000000,60811932.0,47531657.0,8.415,SPIKE
NVDA,2022-10-05,357443590,60811932.0,55274126.0,6.467,SPIKE
NVDA,2024-07-10,400000000,60811932.0,62970142.0,6.352,SPIKE
NVDA,2023-09-11,379821294,60811932.0,67243012.0,5.648,SPIKE
NVDA,2023-10-17,324250449,60811932.0,57469102.0,5.642,SPIKE
NVDA,2021-06-24,329919039,60811932.0,58777498.0,5.613,SPIKE
NVDA,2021-04-15,299579211,60811932.0,57768496.0,5.186,SPIKE
NVDA,2023-08-28,251468442,60811932.0,53645456.0,4.688,SPIKE
NVDA,2022-04-11,221600109,60811932.0,49059257.0,4.517,SPIKE
NVDA,2022-08-18,242681316,60811932.0,56139964.0,4.323,SPIKE
NVDA,2021-10-20,228853998,60811932.0,56159280.0,4.075,SPIKE
NVDA,2021-03-16,207836489,60811932.0,51668528.0,4.022,SPIKE
NVDA,2024-04-29,234879249,60811932.0,59854326.0,3.924,SPIKE
NVDA,2022-04-26,254505553,60811932.0,66109938.0,3.85,SPIKE
NVDA,2020-07-28,254941357,60811932.0,66849908.0,3.814,SPIKE
NVDA,2023-03-30,240494442,60811932.0,63097088.0,3.811,SPIKE
NVDA,2022-06-14,163657324,60811932.0,43035754.0,3.803,SPIKE
NVDA,2021-05-05,224849562,60811932.0,59495863.0,3.779,SPIKE
NVDA,2022-04-12,201742442,60811932.0,54779451.0,3.683,SPIKE
NVDA,2022-02-08,244658927,60811932.0,66692504.0,3.668,SPIKE
NVDA,2024-06-03,243807776,60811932.0,66990165.0,3.639,SPIKE
NVDA,2020-10-20,203714418,60811932.0,57728129.0,3.529,SPIKE
NVDA,2023-07-04,190749253,60811932.0,55456431.0,3.44,SPIKE
NVDA,2022-12-02,166859143,60811932.0,49709151.0,3.357,SPIKE
NVDA,2020-01-03,48168962,60811932.0,14507890.0,3.32,SPIKE
NVDA,2022-10-14,223904941,60811932.0,67654190.0,3.31,SPIKE
NVDA,2021-08-24,164996181,60811932.0,50321559.0,3.279,SPIKE
NVDA,2022-12-07,180439575,60811932.0,55541950.0,3.249,SPIKE
NVDA,2024-09-02,205202889,60811932.0,63457102.0,3.234,SPIKE
NVDA,2021-10-01,184954499,60811932.0,59133814.0,3.128,SPIKE
NVDA,2021-04-19,203152890,60811932.0,65756342.0,3.089,SPIKE
NVDA,2020-01-30,154951533,60811932.0,50502998.0,3.068,SPIKE
NVDA,2023-03-06,199471453,60811932.0,65399475.0,3.05,SPIKE
NVDA,2024-03-13,145598936,60811932.0,49644493.0,2.933,SPIKE
NVDA,2022-07-26,143440715,60811932.0,49398149.0,2.904,SPIKE
NVDA,2021-03-11,134833145,60811932.0,46484591.0,2.901,SPIKE
NVDA,2024-05-09,185340057,60811932.0,63888340.0,2.901,SPIKE
NVDA,2022-06-16,136357421,60811932.0,47189251.0,2.89,SPIKE
NVDA,2024-10-14,173997823,60811932.0,60460032.0,2.878,SPIKE
NVDA,2023-02-06,180398423,60811932.0,62727665.0,2.876,SPIKE
NVDA,2023-03-17,186383317,60811932.0,65608498.0,2.841,SPIKE
NVDA,2023-07-06,165254578,60811932.0,59267253.0,2.788,SPIKE
NVDA,2023-10-16,151897722,60811932.0,54638189.0,2.78,SPIKE
NVDA,2020-07-15,175034476,60811932.0,63550081.0,2.754,SPIKE
NVDA,2020-03-05,161282724,60811932.0,59167067.0,2.726,SPIKE
NVDA,2022-04-25,174063193,60811932.0,64135001.0,2.714,SPIKE
NVDA,2024-04-18,167096525,60811932.0,61790587.0,2.704,SPIKE
NVDA,2021-11-24,177866153,60811932.0,65881680.0,2.7,SPIKE
NVDA,2021-09-21,138827982,60811932.0,51889578.0,2.675,SPIKE
NVDA,2021-10-07,148466414,60811932.0,55862585.0,2.658,SPIKE
NVDA,2021-04-14,141006463,60811932.0,53583311.0,2.632,SPIKE
NVDA,2022-08-05,150397157,60811932.0,57314055.0,2.624,SPIKE
NVDA,2023-01-04,171680989,60811932.0,65475683.0,2.622,SPIKE
NVDA,2024-02-12,126793869,60811932.0,48488752.0,2.615,SPIKE
NVDA,2023-01-13,159219121,60811932.0,60988136.0,2.611,SPIKE
NVDA,2024-02-09,123338271,60811932.0,47894948.0,2.575,SPIKE
NVDA,2022-01-14,113881057,60811932.0,44359177.0,2.567,SPIKE
NVDA,2021-06-01,141902644,60811932.0,55327239.0,2.565,SPIKE
NVDA,2022-01-17,120847460,60811932.0,47368210.0,2.551,SPIKE
NVDA,2024-09-09,159784319,60811932.0,62865911.0,2.542,SPIKE
NVDA,2023-09-04,160114506,60811932.0,63232171.0,2.532,SPIKE
NVDA,2023-12-22,128075384,60811932.0,51094005.0,2.507,SPIKE
TSLA,2023-11-22,400000000,106048409.0,86620546.0,4.618,SPIKE
TSLA,2022-07-27,365625519,106048409.0,81413443.0,4.491,SPIKE
TSLA,2020-04-06,353327733,106048409.0,82150227.0,4.301,SPIKE
TSLA,2020-12-14,400000000,106048409.0,93786797.0,4.265,SPIKE
TSLA,2020-06-30,400000000,106048409.0,97081182.0,4.12,SPIKE
TSLA,2020-04-22,400000000,106048409.0,99719279.0,4.011,SPIKE
TSLA,2021-09-16,400000000,106048409.0,100740866.0,3.971,SPIKE
TSLA,2021-12-31,367493673,106048409.0,92623149.0,3.968,SPIKE
TSLA,2023-02-03,400000000,106048409.0,100995695.0,3.961,SPIKE
TSLA,2023-05-26,400000000,106048409.0,103232855.0,3.875,SPIKE
TSLA,2022-12-15,400000000,106048409.0,103703937.0,3.857,SPIKE
TSLA,2021-09-09,339059762,106048409.0,88760918.0,3.82,SPIKE
TSLA,2024-05-10,316566501,106048409.0,83371332.0,3.797,SPIKE
TSLA,2022-05-27,400000000,106048409.0,110462116.0,3.621,SPIKE
TSLA,2020-10-19,400000000,106048409.0,110764114.0,3.611,SPIKE
TSLA,2024-02-20,400000000,106048409.0,110856042.0,3.608,SPIKE
TSLA,2024-09-13,376294286,106048409.0,105838520.0,3.555,SPIKE
TSLA,2024-02-19,357761781,106048409.0,101833207.0,3.513,SPIKE
TSLA,2023-03-03,322917182,106048409.0,93831551.0,3.441,SPIKE
TSLA,2021-06-08,351341727,106048409.0,103494346.0,3.395,SPIKE
TSLA,2020-08-17,400000000,106048409.0,118301227.0,3.381,SPIKE
TSLA,2021-10-29,315504066,106048409.0,93491526.0,3.375,SPIKE
TSLA,2022-08-31,400000000,106048409.0,119249349.0,3.354,SPIKE
TSLA,2020-06-18,325482568,106048409.0,97537342.0,3.337,SPIKE
TSLA,2020-09-14,377667597,106048409.0,114216313.0,3.307,SPIKE
TSLA,2020-02-20,305687216,106048409.0,94050378.0,3.25,SPIKE
TSLA,2024-03-27,400000000,106048409.0,123365541.0,3.242,SPIKE
TSLA,2020-04-20,289045244,106048409.0,89200368.0,3.24,SPIKE
TSLA,2020-01-06,155035708,106048409.0,47871977.0,3.239,SPIKE
TSLA,2020-01-08,278181623,106048409.0,86836693.0,3.204,SPIKE
TSLA,2023-06-06,381474739,106048409.0,119246633.0,3.199,SPIKE
TSLA,2024-01-18,400000000,106048409.0,127102866.0,3.147,SPIKE
TSLA,2023-11-20,256048066,106048409.0,81527231.0,3.141,SPIKE
TSLA,2023-05-04,311434730,106048409.0,99260239.0,3.138,SPIKE
TSLA,2022-08-08,289942875,106048409.0,95111957.0,3.048,SPIKE
TSLA,2022-10-04,400000000,106048409.0,132632624.0,3.016,SPIKE
TSLA,2022-02-10,333839211,106048409.0,111841218.0,2.985,SPIKE
TSLA,2024-09-09,307001323,106048409.0,104475024.0,2.939,SPIKE
TSLA,2020-08-06,322779186,106048409.0,111310866.0,2.9,SPIKE
TSLA,2023-12-29,385831965,106048409.0,133516224.0,2.89,SPIKE
TSLA,2022-09-08,371396711,106048409.0,128950959.0,2.88,SPIKE
TSLA,2024-09-03,292202282,106048409.0,101927827.0,2.867,SPIKE
TSLA,2024-06-27,283004257,106048409.0,98759638.0,2.866,SPIKE
TSLA,2021-08-16,253097717,106048409.0,88578082.0,2.857,SPIKE
TSLA,2022-01-06,265652286,106048409.0,93337692.0,2.846,SPIKE
TSLA,2022-03-17,336843794,106048409.0,118862018.0,2.834,SPIKE
TSLA,2022-05-03,262884368,106048409.0,92977845.0,2.827,SPIKE
TSLA,2024-05-15,262968902,106048409.0,93457900.0,2.814,SPIKE
TSLA,2024-02-12,261964419,106048409.0,95287161.0,2.749,SPIKE
TSLA,2022-04-15,291516800,106048409.0,106225448.0,2.744,SPIKE
TSLA,2023-12-01,273454143,106048409.0,100067784.0,2.733,SPIKE
TSLA,2021-11-10,242239900,106048409.0,88683694.0,2.732,SPIKE
TSLA,2021-03-31,221841049,106048409.0,81912807.0,2.708,SPIKE
TSLA,2022-03-07,269582924,106048409.0,100654108.0,2.678,SPIKE
TSLA,2020-12-11,226841765,106048409.0,87444817.0,2.594,SPIKE
TSLA,2024-10-02,289950245,106048409.0,113055244.0,2.565,SPIKE
TSLA,2020-06-03,224738870,106048409.0,88406714.0,2.542,SPIKE
TSLA,2021-06-09,282263373,106048409.0,112113914.0,2.518,SPIKE
TSLA,2024-07-19,253863528,106048409.0,100926146.0,2.515,SPIKE
V,2021-10-12,400000000,127543396.0,92940267.0,4.304,SPIKE
V,2020-07-16,397689808,127543396.0,99118406.0,4.012,SPIKE
V,2020-05-19,400000000,127543396.0,102734699.0,3.894,SPIKE
V,2023-12-07,400000000,127543396.0,104655509.0,3.822,SPIKE
V,2021-10-20,400000000,127543396.0,108559586.0,3.685,SPIKE
V,2020-05-20,400000000,127543396.0,115036983.0,3.477,SPIKE
V,2023-05-01,372521113,127543396.0,107786244.0,3.456,SPIKE
V,2022-03-16,400000000,127543396.0,117536047.0,3.403,SPIKE
V,2024-02-26,400000000,127543396.0,119416096.0,3.35,SPIKE
V,2020-10-28,400000000,127543396.0,120704537.0,3.314,SPIKE
V,2021-06-02,400000000,127543396.0,120850136.0,3.31,SPIKE
V,2021-10-28,400000000,127543396.0,121552685.0,3.291,SPIKE
V,2022-10-25,400000000,127543396.0,123164950.0,3.248,SPIKE
V,2024-03-15,400000000,127543396.0,123676634.0,3.234,SPIKE
V,2021-04-19,365139032,127543396.0,113838178.0,3.208,SPIKE
V,2023-07-12,353403077,127543396.0,110630703.0,3.194,SPIKE
V,2022-11-30,400000000,127543396.0,126221446.0,3.169,SPIKE
V,2020-09-14,400000000,127543396.0,127170356.0,3.145,SPIKE
V,2020-02-13,400000000,127543396.0,127834816.0,3.129,SPIKE
V,2022-07-01,334866980,127543396.0,107847650.0,3.105,SPIKE
V,2020-08-14,400000000,127543396.0,129230966.0,3.095,SPIKE
V,2021-11-15,400000000,127543396.0,129803814.0,3.082,SPIKE
V,2021-01-27,400000000,127543396.0,129952064.0,3.078,SPIKE
V,2024-05-16,349715224,127543396.0,115755033.0,3.021,SPIKE
V,2024-06-14,400000000,127543396.0,132641537.0,3.016,SPIKE
V,2021-02-25,318578248,127543396.0,106621635.0,2.988,SPIKE
V,2023-03-14,330395346,127543396.0,110991969.0,2.977,SPIKE
V,2022-01-20,391506735,127543396.0,131950991.0,2.967,SPIKE
V,2024-03-25,400000000,127543396.0,135059635.0,2.962,SPIKE
V,2020-12-07,400000000,127543396.0,137132971.0,2.917,SPIKE
V,2022-08-26,400000000,127543396.0,137126943.0,2.917,SPIKE
V,2024-05-17,360771533,127543396.0,124081207.0,2.908,SPIKE
V,2021-02-16,296013912,127543396.0,102434724.0,2.89,SPIKE
V,2023-01-30,400000000,127543396.0,138879358.0,2.88,SPIKE
V,2020-03-31,329198226,127543396.0,114773075.0,2.868,SPIKE
V,2020-10-26,336571365,127543396.0,117982404.0,2.853,SPIKE
V,2023-12-28,318226720,127543396.0,112707562.0,2.823,SPIKE
V,2022-07-20,345373245,127543396.0,122500956.0,2.819,SPIKE
V,2021-04-30,339127078,127543396.0,120410459.0,2.816,SPIKE
V,2023-11-09,332287116,127543396.0,117989583.0,2.816,SPIKE
V,2021-07-23,400000000,127543396.0,145790205.0,2.744,SPIKE
V,2024-10-07,334531989,127543396.0,122522698.0,2.73,SPIKE
V,2023-06-27,285568563,127543396.0,104683013.0,2.728,SPIKE
V,2022-02-04,351083385,127543396.0,129731490.0,2.706,SPIKE
V,2022-09-02,349234391,127543396.0,129198489.0,2.703,SPIKE
V,2023-04-14,344783506,127543396.0,127943403.0,2.695,SPIKE
V,2023-03-15,320276562,127543396.0,119132773.0,2.688,SPIKE
V,2024-04-04,400000000,127543396.0,149068210.0,2.683,SPIKE
V,2022-12-22,400000000,127543396.0,149747027.0,2.671,SPIKE
V,2021-01-01,400000000,127543396.0,150638855.0,2.655,SPIKE
V,2021-08-02,400000000,127543396.0,151417241.0,2.642,SPIKE
V,2022-01-07,326843978,127543396.0,125723157.0,2.6,SPIKE
V,2024-08-19,266482270,127543396.0,103701190.0,2.57,SPIKE
V,2022-04-22,343422836,127543396.0,133696048.0,2.569,SPIKE
V,2021-12-16,321508393,127543396.0,125634108.0,2.559,SPIKE
V,2023-06-20,255648965,127543396.0,100261627.0,2.55,SPIKE
V,2022-11-28,321106281,127543396.0,125957192.0,2.549,SPIKE
V,2022-06-08,274057560,127543396.0,107595043.0,2.547,SPIKE
