ticker,yr,quarter,quarterly_return_pct,avg_daily_return_pct,daily_volatility_pct,trading_days
AAPL,2020,Q1,-18.4202,-0.2878,1.7972,64
AAPL,2020,Q2,15.6396,0.2406,1.9749,65
AAPL,2020,Q3,10.836,0.1642,1.8802,66
AAPL,2020,Q4,23.7717,0.3602,2.1899,66
AAPL,2021,Q1,15.0803,0.2356,1.9375,64
AAPL,2021,Q2,12.7352,0.1959,1.7664,65
AAPL,2021,Q3,4.4378,0.0672,2.1419,66
AAPL,2021,Q4,-2.4204,-0.0367,2.0815,66
AAPL,2022,Q1,-6.3757,-0.0996,2.0181,64
AAPL,2022,Q2,11.3614,0.1748,2.1194,65
AAPL,2022,Q3,3.1763,0.0481,2.0656,66
AAPL,2022,Q4,4.053,0.0624,2.0153,65
AAPL,2023,Q1,22.0795,0.3397,1.7057,65
AAPL,2023,Q2,51.5497,0.7931,1.9508,65
AAPL,2023,Q3,13.2333,0.2036,1.9214,65
AAPL,2023,Q4,26.012,0.4002,2.033,65
AAPL,2024,Q1,16.0134,0.2464,2.0587,65
AAPL,2024,Q2,40.7256,0.6265,2.2648,65
AAPL,2024,Q3,5.4167,0.0821,1.9953,66
AAPL,2024,Q4,-3.4955,-0.1589,1.9894,22
AMZN,2020,Q1,-6.7387,-0.1053,2.1519,64
AMZN,2020,Q2,-10.4801,-0.1612,2.1752,65
AMZN,2020,Q3,17.2195,0.2609,2.1911,66
AMZN,2020,Q4,3.1394,0.0476,2.1744,66
AMZN,2021,Q1,2.4982,0.039,1.7919,64
AMZN,2021,Q2,2.3344,0.0359,2.2792,65
AMZN,2021,Q3,24.7446,0.3749,1.9621,66
AMZN,2021,Q4,15.9187,0.2412,2.3846,66
AMZN,2022,Q1,5.4564,0.0853,2.1511,64
AMZN,2022,Q2,8.6463,0.133,2.1032,65
AMZN,2022,Q3,-22.9774,-0.3481,2.1832,66
AMZN,2022,Q4,35.0113,0.5386,2.1838,65
AMZN,2023,Q1,1.1129,0.0171,2.3853,65
AMZN,2023,Q2,-29.4366,-0.4529,2.0807,65
AMZN,2023,Q3,11.8836,0.1828,1.9411,65
AMZN,2023,Q4,49.7588,0.7655,2.4318,65
AMZN,2024,Q1,0.4473,0.0069,2.3425,65
AMZN,2024,Q2,25.7894,0.3968,2.362,65
AMZN,2024,Q3,17.1585,0.26,1.8037,66
AMZN,2024,Q4,12.4828,0.5674,2.6155,22
GOOGL,2020,Q1,26.978,0.4215,1.6743,64
GOOGL,2020,Q2,23.1184,0.3557,1.6377,65
GOOGL,2020,Q3,3.7804,0.0573,1.8727,66
GOOGL,2020,Q4,13.7626,0.2085,1.9743,66
GOOGL,2021,Q1,-0.9394,-0.0147,1.8567,64
GOOGL,2021,Q2,6.8853,0.1059,1.8619,65
GOOGL,2021,Q3,1.7066,0.0259,1.7051,66
GOOGL,2021,Q4,-18.1776,-0.2754,1.4687,66
GOOGL,2022,Q1,10.0239,0.1566,1.9483,64
GOOGL,2022,Q2,17.1538,0.2639,1.8025,65
GOOGL,2022,Q3,12.6816,0.1921,2.0668,66
GOOGL,2022,Q4,18.674,0.2873,1.9353,65
GOOGL,2023,Q1,-11.9255,-0.1835,1.8326,65
GOOGL,2023,Q2,-4.1525,-0.0639,2.1137,65
GOOGL,2023,Q3,-12.7259,-0.1958,1.8743,65
GOOGL,2023,Q4,56.425,0.8681,1.8003,65
GOOGL,2024,Q1,6.238,0.096,1.8572,65
GOOGL,2024,Q2,20.0081,0.3078,2.1248,65
GOOGL,2024,Q3,18.9278,0.2868,1.9942,66
GOOGL,2024,Q4,11.9596,0.5436,1.5903,22
JNJ,2020,Q1,1.119,0.0175,1.2917,64
JNJ,2020,Q2,-10.7552,-0.1655,1.09,65
JNJ,2020,Q3,-16.0941,-0.2439,1.1738,66
JNJ,2020,Q4,0.1787,0.0027,1.2069,66
JNJ,2021,Q1,-4.0438,-0.0632,1.1775,64
JNJ,2021,Q2,0.5962,0.0092,1.0563,65
JNJ,2021,Q3,9.3769,0.1421,1.2617,66
JNJ,2021,Q4,10.2468,0.1553,1.1946,66
JNJ,2022,Q1,7.9522,0.1243,1.1288,64
JNJ,2022,Q2,4.646,0.0715,1.1629,65
JNJ,2022,Q3,8.1544,0.1236,1.0976,66
JNJ,2022,Q4,-4.3492,-0.0669,1.331,65
JNJ,2023,Q1,16.3513,0.2516,1.1392,65
JNJ,2023,Q2,-2.5023,-0.0385,1.2535,65
JNJ,2023,Q3,16.4938,0.2538,1.2342,65
JNJ,2023,Q4,-4.8116,-0.074,0.971,65
JNJ,2024,Q1,1.1722,0.018,1.1829,65
JNJ,2024,Q2,9.4666,0.1456,1.0506,65
JNJ,2024,Q3,9.3793,0.1421,1.1789,66
JNJ,2024,Q4,0.4947,0.0225,1.3069,22
JPM,2020,Q1,2.8424,0.0444,1.7421,64
JPM,2020,Q2,12.0124,0.1848,1.7401,65
JPM,2020,Q3,1.9347,0.0293,1.7607,66
JPM,2020,Q4,6.3438,0.0961,1.6649,66
JPM,2021,Q1,9.9634,0.1557,1.786,64
JPM,2021,Q2,13.8239,0.2127,1.629,65
JPM,2021,Q3,6.8351,0.1036,1.8559,66
JPM,2021,Q4,1.74,0.0264,1.7288,66
JPM,2022,Q1,19.6378,0.3068,1.7318,64
JPM,2022,Q2,-3.4884,-0.0537,1.6591,65
JPM,2022,Q3,16.4626,0.2494,1.5758,66
JPM,2022,Q4,-2.7796,-0.0428,1.7298,65
JPM,2023,Q1,7.2075,0.1109,1.7326,65
JPM,2023,Q2,21.7317,0.3343,1.7034,65
JPM,2023,Q3,0.8361,0.0129,1.8137,65
JPM,2023,Q4,3.4598,0.0532,1.5967,65
JPM,2024,Q1,9.8379,0.1514,1.6816,65
JPM,2024,Q2,-12.8244,-0.1973,1.7701,65
JPM,2024,Q3,-3.2079,-0.0486,1.7515,66
JPM,2024,Q4,-9.4603,-0.43,1.9012,22
META,2020,Q1,22.2659,0.3479,2.1667,64
META,2020,Q2,15.5036,0.2385,2.5633,65
META,2020,Q3,-2.9812,-0.0452,2.5239,66
META,2020,Q4,23.903,0.3622,2.4203,66
META,2021,Q1,3.5394,0.0553,2.0574,64
META,2021,Q2,24.0942,0.3707,2.258,65
META,2021,Q3,1.5117,0.0229,2.5073,66
META,2021,Q4,0.7853,0.0119,2.7125,66
META,2022,Q1,23.9639,0.3744,2.7992,64
META,2022,Q2,4.1686,0.0641,2.5981,65
META,2022,Q3,0.4322,0.0065,2.3279,66
META,2022,Q4,-2.2752,-0.035,2.2465,65
META,2023,Q1,2.8959,0.0446,2.6977,65
META,2023,Q2,-0.2769,-0.0043,2.2341,65
META,2023,Q3,-10.1456,-0.1561,2.9095,65
META,2023,Q4,-12.4758,-0.1919,2.5712,65
META,2024,Q1,10.2595,0.1578,2.127,65
META,2024,Q2,18.5539,0.2854,2.4001,65
META,2024,Q3,2.1368,0.0324,2.2836,66
META,2024,Q4,-3.6661,-0.1666,1.9878,22
MSFT,2020,Q1,31.9383,0.499,1.7633,64
MSFT,2020,Q2,-14.3533,-0.2208,2.0027,65
MSFT,2020,Q3,-3.154,-0.0478,1.9753,66
MSFT,2020,Q4,0.7465,0.0113,1.631,66
MSFT,2021,Q1,5.2902,0.0827,1.8934,64
MSFT,2021,Q2,-7.4002,-0.1138,1.692,65
MSFT,2021,Q3,-0.3297,-0.005,1.8486,66
MSFT,2021,Q4,4.9622,0.0752,1.8866,66
MSFT,2022,Q1,-14.6962,-0.2296,1.8699,64
MSFT,2022,Q2,-13.6049,-0.2093,1.5042,65
MSFT,2022,Q3,4.0397,0.0612,1.5796,66
MSFT,2022,Q4,2.5386,0.0391,2.0005,65
MSFT,2023,Q1,11.4999,0.1769,1.7735,65
MSFT,2023,Q2,-9.6849,-0.149,1.7932,65
MSFT,2023,Q3,9.2139,0.1418,1.7169,65
MSFT,2023,Q4,34.953,0.5377,1.9543,65
MSFT,2024,Q1,-1.4182,-0.0218,1.9189,65
MSFT,2024,Q2,12.5963,0.1938,2.0308,65
MSFT,2024,Q3,20.2454,0.3067,1.7737,66
MSFT,2024,Q4,12.9835,0.5902,1.7993,22
NVDA,2020,Q1,29.3487,0.4586,2.694,64
NVDA,2020,Q2,18.4028,0.2831,3.1677,65
NVDA,2020,Q3,-2.8657,-0.0434,3.2171,66
NVDA,2020,Q4,-8.1852,-0.124,3.4251,66
NVDA,2021,Q1,10.7815,0.1685,3.186,64
NVDA,2021,Q2,29.417,0.4526,3.2261,65
NVDA,2021,Q3,34.2818,0.5194,3.1123,66
NVDA,2021,Q4,9.1581,0.1388,3.1652,66
NVDA,2022,Q1,24.8255,0.3879,3.1304,64
NVDA,2022,Q2,24.3204,0.3742,2.4149,65
NVDA,2022,Q3,3.0938,0.0469,3.1743,66
NVDA,2022,Q4,25.9094,0.3986,2.9686,65
NVDA,2023,Q1,-6.1006,-0.0939,3.2823,65
NVDA,2023,Q2,-9.2344,-0.1421,3.428,65
NVDA,2023,Q3,-20.5973,-0.3169,2.9106,65
NVDA,2023,Q4,27.7437,0.4268,3.4407,65
NVDA,2024,Q1,8.8881,0.1367,2.6923,65
NVDA,2024,Q2,-4.4887,-0.0691,2.9784,65
NVDA,2024,Q3,-2.3408,-0.0355,2.6172,66
NVDA,2024,Q4,5.797,0.2635,2.9434,22
TSLA,2020,Q1,-5.9902,-0.0936,4.3606,64
TSLA,2020,Q2,68.7976,1.0584,3.0716,65
TSLA,2020,Q3,-20.2836,-0.3073,3.9627,66
TSLA,2020,Q4,-16.0128,-0.2426,4.1423,66
TSLA,2021,Q1,14.7169,0.23,4.1195,64
TSLA,2021,Q2,5.7072,0.0878,4.2856,65
TSLA,2021,Q3,6.9914,0.1059,3.445,66
TSLA,2021,Q4,16.6399,0.2521,3.9382,66
TSLA,2022,Q1,49.0511,0.7664,3.9426,64
TSLA,2022,Q2,-64.9016,-0.9985,3.7023,65
TSLA,2022,Q3,-12.946,-0.1962,3.7987,66
TSLA,2022,Q4,-13.1371,-0.2021,3.1471,65
TSLA,2023,Q1,28.0538,0.4316,4.104,65
TSLA,2023,Q2,31.6759,0.4873,3.7502,65
TSLA,2023,Q3,-1.4413,-0.0222,3.9444,65
TSLA,2023,Q4,-14.9487,-0.23,3.2796,65
TSLA,2024,Q1,47.9245,0.7373,4.2653,65
TSLA,2024,Q2,-72.9973,-1.123,3.2942,65
TSLA,2024,Q3,60.7901,0.9211,4.1657,66
TSLA,2024,Q4,17.2307,0.7832,4.0275,22
V,2020,Q1,27.954,0.4368,1.7276,64
V,2020,Q2,6.9413,0.1068,1.5901,65
V,2020,Q3,-11.0502,-0.1674,1.5522,66
V,2020,Q4,19.3606,0.2933,1.5619,66
V,2021,Q1,18.2229,0.2847,1.5054,64
V,2021,Q2,4.2995,0.0661,1.7594,65
V,2021,Q3,34.7163,0.526,1.4054,66
V,2021,Q4,21.0817,0.3194,1.6184,66
V,2022,Q1,25.7546,0.4024,1.6327,64
V,2022,Q2,26.6725,0.4103,1.4487,65
V,2022,Q3,4.2926,0.065,1.7917,66
V,2022,Q4,-0.0031,-0.0,1.2365,65
V,2023,Q1,-16.7751,-0.2581,1.7219,65
V,2023,Q2,-16.2495,-0.25,1.3727,65
V,2023,Q3,-8.5049,-0.1308,1.6422,65
V,2023,Q4,-3.4518,-0.0531,1.5472,65
V,2024,Q1,9.174,0.1411,1.2882,65
V,2024,Q2,-20.3516,-0.3131,1.4665,65
V,2024,Q3,4.8598,0.0736,1.557,66
V,2024,Q4,16.9535,0.7706,1.6125,22
